review_id,product_name,rating,review_text,review_date
D001,Nimbus ANC Headphones,2,Bluetooth baar baar disconnect ho jata hai. But ANC works brilliantly on long flights.,2026-04-01
D002,Nimbus ANC Headphones,3,"Worth every rupee at the sale price. However, customer support did not respond to my emails.",2026-04-01
D003,Nimbus ANC Headphones,4,"Sound quality is excellent with deep, clean bass. Battery lasts all day with ANC switched on. Great value for the price.",2026-04-01
D004,Nimbus ANC Headphones,4,Battery easily lasts the whole week of commuting. Noise cancellation blocks out the metro noise completely.,2026-04-02
D005,AeroBrew Coffee Maker,3,"Looks great on the counter and is easy to clean. But water tank is too small, I refill constantly. But good value for daily use.",2026-04-02
D006,Nimbus ANC Headphones,4,"Great value for the price. However, the left earcup randomly loses connection.",2026-04-03
D007,Nimbus ANC Headphones,5,The ear cushions are soft and light on the head. Delivery was quick and the box was well packed.,2026-04-03
D008,Nimbus ANC Headphones,5,Delivery was quick and the box was well packed.,2026-04-04
D009,Nimbus ANC Headphones,5,Worth every rupee at the sale price.,2026-04-05
D010,Nimbus ANC Headphones,3,"Ear cups get hot and uncomfortable after an hour. However, sound quality ekdum mast hai.",2026-04-05
D011,Nimbus ANC Headphones,5,"Comfort bhi badhiya hai, ghanto tak pehen sakte ho. Pairs instantly with my phone and laptop.",2026-04-07
D012,Nimbus ANC Headphones,3,"Delivery was late by a week. However, pairs instantly with my phone and laptop.",2026-04-08
D013,AeroBrew Coffee Maker,5,Shipping was fast and the packaging was sturdy. Looks great on the counter and is easy to clean.,2026-04-08
D014,Nimbus ANC Headphones,1,Ear cups get hot and uncomfortable after an hour.,2026-04-09
D015,PulseFit Smartwatch,1,Battery barely lasts a day with GPS on.,2026-04-09
D016,Nimbus ANC Headphones,5,Battery lasts all day with ANC switched on. Very comfortable even after four hours of use.,2026-04-10
D017,AeroBrew Coffee Maker,5,Coffee ka taste ekdum cafe jaisa hai. Shipping was fast and the packaging was sturdy.,2026-04-10
D018,Nimbus ANC Headphones,2,Overpriced for what you get. But delivery was quick and the box was well packed.,2026-04-11
D019,AeroBrew Coffee Maker,3,"Very noisy while brewing. However, shipping was fast and the packaging was sturdy.",2026-04-11
D020,Nimbus ANC Headphones,2,"Great value for the price. But battery drains within five hours. However, bluetooth connection is rock solid across the room.",2026-04-12
D021,AeroBrew Coffee Maker,5,Shipping was fast and the packaging was sturdy.,2026-04-13
D022,PulseFit Smartwatch,5,Watch ka display bahut bright aur clear hai.,2026-04-13
D023,PulseFit Smartwatch,1,Customer service took three weeks to reply. Stopped charging after two months.,2026-04-15
D024,AeroBrew Coffee Maker,5,Good value for daily use.,2026-04-15
D025,PulseFit Smartwatch,2,Stopped charging after two months. Delivery was delayed twice.,2026-04-16
D026,PulseFit Smartwatch,3,"Step counting matches my phone almost exactly. However, delivery was delayed twice.",2026-04-17
D027,PulseFit Smartwatch,2,"Charges fully in under an hour. However, delivery was delayed twice.",2026-04-17
D028,AeroBrew Coffee Maker,2,Arrived late and the box was crushed. But good value for daily use.,2026-04-17
D029,AeroBrew Coffee Maker,4,Brews fast and the coffee tastes rich. Shipping was fast and the packaging was sturdy.,2026-04-19
D030,Nimbus ANC Headphones,3,"Battery life is much shorter than advertised. However, bass bahut accha hai, gaane sunne mein maza aata hai. Worth every rupee at the sale price.",2026-04-19
D031,Nimbus ANC Headphones,3,Ear cups get hot and uncomfortable after an hour. But battery lasts all day with ANC switched on.,2026-04-19
D032,Nimbus ANC Headphones,5,"Comfort bhi badhiya hai, ghanto tak pehen sakte ho. Worth every rupee at the sale price. Vocals are crisp and the soundstage feels wide.",2026-04-21
D033,AeroBrew Coffee Maker,4,Brews fast and the coffee tastes rich.,2026-04-21
D034,Nimbus ANC Headphones,4,"Great value for the price. Bass bahut accha hai, gaane sunne mein maza aata hai.",2026-04-21
D035,Nimbus ANC Headphones,3,"The ear cushions are soft and light on the head. Great value for the price. However, my replacement request was refused without any reason.",2026-04-22
D036,Nimbus ANC Headphones,3,"Delivery late thi. However, battery lasts all day with ANC switched on.",2026-04-22
D037,Nimbus ANC Headphones,5,Battery easily lasts the whole week of commuting. Very comfortable even after four hours of use.,2026-04-23
D038,Nimbus ANC Headphones,5,Battery backup kaafi accha hai. Worth every rupee at the sale price.,2026-04-23
D039,Nimbus ANC Headphones,4,Great value for the price.,2026-04-23
D040,Nimbus ANC Headphones,4,"Battery drains within five hours. However, worth every rupee at the sale price.",2026-04-24
D041,Nimbus ANC Headphones,5,Worth every rupee at the sale price. Pairs instantly with my phone and laptop.,2026-04-25
D042,Nimbus ANC Headphones,3,"Battery life is much shorter than advertised. However, ANC works brilliantly on long flights.",2026-04-25
D043,Nimbus ANC Headphones,5,Delivery was quick and the box was well packed. Worth every rupee at the sale price.,2026-04-26
D044,AeroBrew Coffee Maker,4,The warming plate keeps coffee hot for an hour. Shipping was fast and the packaging was sturdy.,2026-04-26
D045,PulseFit Smartwatch,4,Accha product hai.,2026-04-27
D046,AeroBrew Coffee Maker,4,Looks great on the counter and is easy to clean.,2026-04-27
D047,Nimbus ANC Headphones,2,The connection drops when I move away from the phone.,2026-04-28
D048,PulseFit Smartwatch,4,Watch ka display bahut bright aur clear hai. The strap is soft and comfortable to sleep in.,2026-04-28
D049,Nimbus ANC Headphones,3,Battery backup kaafi accha hai. But customer care ne koi jawab nahi diya.,2026-04-30
D050,PulseFit Smartwatch,5,Excellent value compared to bigger brands. Charges fully in under an hour.,2026-04-30
D051,Nimbus ANC Headphones,4,"Overpriced for what you get. However, battery backup kaafi accha hai. Bluetooth connection is rock solid across the room.",2026-05-01
D052,AeroBrew Coffee Maker,4,"Arrived late and the box was crushed. However, the warming plate keeps coffee hot for an hour.",2026-05-01
D053,Nimbus ANC Headphones,1,Package arrived damaged and dented.,2026-05-01
D054,PulseFit Smartwatch,5,Heart rate readings look reliable during runs.,2026-05-02
D055,PulseFit Smartwatch,3,"Excellent value compared to bigger brands. However, the band caused skin irritation.",2026-05-02
D056,PulseFit Smartwatch,3,Charges fully in under an hour. But GPS takes forever to lock and loses track on runs.,2026-05-03
D057,Nimbus ANC Headphones,3,"Bluetooth connection is rock solid across the room. Worth every rupee at the sale price. However, battery drains within five hours.",2026-05-03
D058,Nimbus ANC Headphones,5,"Sound quality is excellent with deep, clean bass. Battery lasts all day with ANC switched on.",2026-05-06
D059,AeroBrew Coffee Maker,1,The lid leaks when pouring. Customer service refused a return. Arrived late and the box was crushed.,2026-05-06
D060,Nimbus ANC Headphones,4,"Comfort bhi badhiya hai, ghanto tak pehen sakte ho. Delivery was quick and the box was well packed.",2026-05-07
D061,Nimbus ANC Headphones,5,Delivery was quick and the box was well packed. Very comfortable even after four hours of use.,2026-05-08
D062,Nimbus ANC Headphones,5,Bluetooth connection is rock solid across the room.,2026-05-08
D063,PulseFit Smartwatch,4,Excellent value compared to bigger brands. The strap is soft and comfortable to sleep in.,2026-05-09
D064,Nimbus ANC Headphones,4,Bluetooth connection is rock solid across the room. Battery lasts all day with ANC switched on.,2026-05-10
D065,PulseFit Smartwatch,2,Strap material feels cheap and sweaty.,2026-05-11
D066,AeroBrew Coffee Maker,4,"Arrived late and the box was crushed. However, looks great on the counter and is easy to clean.",2026-05-14
D067,Nimbus ANC Headphones,3,Worth every rupee at the sale price. Battery backup kaafi accha hai. But the left earcup randomly loses connection.,2026-05-15
D068,AeroBrew Coffee Maker,5,Good value for daily use. The warming plate keeps coffee hot for an hour.,2026-05-15
D069,PulseFit Smartwatch,4,Excellent value compared to bigger brands. Battery lasts five days on a single charge.,2026-05-16
D070,PulseFit Smartwatch,5,The strap is soft and comfortable to sleep in.,2026-05-16
D071,Nimbus ANC Headphones,5,"Comfort bhi badhiya hai, ghanto tak pehen sakte ho. Pairs instantly with my phone and laptop.",2026-05-17
D072,AeroBrew Coffee Maker,4,Brews fast and the coffee tastes rich. Good value for daily use.,2026-05-18
D073,Nimbus ANC Headphones,3,"Pairs instantly with my phone and laptop. However, ek mahine mein hi kharab ho gaya.",2026-05-18
D074,Nimbus ANC Headphones,4,Battery backup kaafi accha hai. Pairs instantly with my phone and laptop. Sound quality ekdum mast hai.,2026-05-19
D075,Nimbus ANC Headphones,3,"Overpriced for what you get. However, battery backup kaafi accha hai. आवाज़ की गुणवत्ता बहुत अच्छी है।",2026-05-19
D076,PulseFit Smartwatch,5,Excellent value compared to bigger brands. The strap is soft and comfortable to sleep in. Sleep tracking is surprisingly accurate.,2026-05-20
D077,PulseFit Smartwatch,2,"Delivery was delayed twice. However, the strap is soft and comfortable to sleep in.",2026-05-20
D078,Nimbus ANC Headphones,4,Great value for the price. But connection itna weak hai ki dusre kamre mein jaate hi cut ho jata hai.,2026-05-22
D079,AeroBrew Coffee Maker,3,Very noisy while brewing. But looks great on the counter and is easy to clean.,2026-05-23
D080,Nimbus ANC Headphones,4,Battery lasts all day with ANC switched on. The ear cushions are soft and light on the head.,2026-05-23
D081,Nimbus ANC Headphones,4,"आवाज़ की गुणवत्ता बहुत अच्छी है। Comfort bhi badhiya hai, ghanto tak pehen sakte ho.",2026-05-25
D082,AeroBrew Coffee Maker,5,Shipping was fast and the packaging was sturdy. Looks great on the counter and is easy to clean. Good value for daily use.,2026-05-26
D083,AeroBrew Coffee Maker,3,"Good value for daily use. But water tank is too small, I refill constantly.",2026-05-26
D084,Nimbus ANC Headphones,4,"Comfort bhi badhiya hai, ghanto tak pehen sakte ho.",2026-05-26
D085,AeroBrew Coffee Maker,4,Coffee ka taste ekdum cafe jaisa hai.,2026-05-27
D086,Nimbus ANC Headphones,2,Delivery late thi. But battery easily lasts the whole week of commuting.,2026-05-27
D087,AeroBrew Coffee Maker,5,Looks great on the counter and is easy to clean. Good value for daily use.,2026-05-28
D088,PulseFit Smartwatch,3,Charges fully in under an hour. But GPS takes forever to lock and loses track on runs.,2026-05-28
D089,Nimbus ANC Headphones,5,Battery lasts all day with ANC switched on.,2026-05-29
D090,Nimbus ANC Headphones,4,"Bass bahut accha hai, gaane sunne mein maza aata hai. Delivery was quick and the box was well packed. But battery drains within five hours.",2026-05-29
D091,PulseFit Smartwatch,2,Customer service took three weeks to reply. But excellent value compared to bigger brands.,2026-05-29
D092,Nimbus ANC Headphones,2,Overpriced for what you get.,2026-05-30
D093,PulseFit Smartwatch,4,Notifications are clear and the app is simple to use.,2026-05-30
D094,PulseFit Smartwatch,4,Value for money.,2026-05-31
D095,PulseFit Smartwatch,4,Excellent value compared to bigger brands. Watch ka display bahut bright aur clear hai. But customer service took three weeks to reply.,2026-06-01
D096,AeroBrew Coffee Maker,3,Brews fast and the coffee tastes rich. But machine stopped working after a month.,2026-06-03
D097,PulseFit Smartwatch,4,Notifications are clear and the app is simple to use. Excellent value compared to bigger brands.,2026-06-03
D098,Nimbus ANC Headphones,5,Bluetooth connection is rock solid across the room. Delivery was quick and the box was well packed.,2026-06-04
D099,PulseFit Smartwatch,1,Customer service took three weeks to reply.,2026-06-04
D100,Nimbus ANC Headphones,1,Delivery was late by a week. Clamping force is too tight for long sessions.,2026-06-04
D101,Nimbus ANC Headphones,5,Battery easily lasts the whole week of commuting. ANC works brilliantly on long flights.,2026-06-05
D102,PulseFit Smartwatch,3,Heart rate readings look reliable during runs. But battery barely lasts a day with GPS on.,2026-06-06
D103,Nimbus ANC Headphones,5,Vocals are crisp and the soundstage feels wide. Bluetooth connection is rock solid across the room.,2026-06-06
D104,Nimbus ANC Headphones,4,Battery backup kaafi accha hai.,2026-06-06
D105,AeroBrew Coffee Maker,5,Looks great on the counter and is easy to clean. Brews fast and the coffee tastes rich.,2026-06-08
D106,PulseFit Smartwatch,5,Battery lasts five days on a single charge.,2026-06-08
D107,Nimbus ANC Headphones,5,आवाज़ की गुणवत्ता बहुत अच्छी है।,2026-06-09
D108,PulseFit Smartwatch,5,Battery lasts five days on a single charge. Heart rate readings look reliable during runs.,2026-06-10
D109,Nimbus ANC Headphones,5,Battery backup kaafi accha hai. The ear cushions are soft and light on the head. Delivery was quick and the box was well packed.,2026-06-10
D110,AeroBrew Coffee Maker,3,"Customer service refused a return. However, good value for daily use.",2026-06-11
D111,Nimbus ANC Headphones,5,Pairs instantly with my phone and laptop.,2026-06-12
D112,Nimbus ANC Headphones,5,"Sound quality is excellent with deep, clean bass. Delivery was quick and the box was well packed.",2026-06-12
D113,AeroBrew Coffee Maker,2,"Shipping was fast and the packaging was sturdy. However, the carafe cracked after two weeks.",2026-06-13
D114,AeroBrew Coffee Maker,4,Machine stopped working after a month. But shipping was fast and the packaging was sturdy.,2026-06-13
D115,Nimbus ANC Headphones,4,"Comfort bhi badhiya hai, ghanto tak pehen sakte ho. Delivery was quick and the box was well packed. Worth every rupee at the sale price.",2026-06-13
D116,AeroBrew Coffee Maker,5,Shipping was fast and the packaging was sturdy. Good value for daily use.,2026-06-14
D117,Nimbus ANC Headphones,3,Battery lasts all day with ANC switched on. But overpriced for what you get. Left ear stopped working after three weeks.,2026-06-15
D118,Nimbus ANC Headphones,5,"Worth every rupee at the sale price. Sound quality is excellent with deep, clean bass.",2026-06-16
D119,AeroBrew Coffee Maker,2,"The warming plate keeps coffee hot for an hour. But the carafe cracked after two weeks. However, shipping was fast and the packaging was sturdy.",2026-06-17
D120,PulseFit Smartwatch,2,The band caused skin irritation.,2026-06-18
D121,Nimbus ANC Headphones,5,"The ear cushions are soft and light on the head. Bass bahut accha hai, gaane sunne mein maza aata hai.",2026-06-18
D122,Nimbus ANC Headphones,4,Battery easily lasts the whole week of commuting.,2026-06-20
D123,Nimbus ANC Headphones,4,ANC works brilliantly on long flights.,2026-06-21
D124,Nimbus ANC Headphones,4,Delivery was quick and the box was well packed. Battery backup kaafi accha hai.,2026-06-21
D125,Nimbus ANC Headphones,1,The left earcup randomly loses connection.,2026-06-22
D126,Nimbus ANC Headphones,4,Bluetooth connection is rock solid across the room. Great value for the price.,2026-06-22
D127,Nimbus ANC Headphones,2,Package arrived damaged and dented. Customer support did not respond to my emails.,2026-06-22
D128,PulseFit Smartwatch,3,Battery barely lasts a day with GPS on. But excellent value compared to bigger brands.,2026-06-23
D129,PulseFit Smartwatch,3,"Delivery was delayed twice. However, excellent value compared to bigger brands.",2026-06-25
D130,Nimbus ANC Headphones,4,"Bluetooth connection is rock solid across the room. Comfort bhi badhiya hai, ghanto tak pehen sakte ho.",2026-06-26
D131,Nimbus ANC Headphones,3,"Comfort bhi badhiya hai, ghanto tak pehen sakte ho. But customer care ne koi jawab nahi diya.",2026-06-27
D132,PulseFit Smartwatch,5,Charges fully in under an hour. Sleep tracking is surprisingly accurate.,2026-07-01
D133,Nimbus ANC Headphones,4,Vocals are crisp and the soundstage feels wide. Great value for the price.,2026-07-01
D134,Nimbus ANC Headphones,5,ANC works brilliantly on long flights. Delivery was quick and the box was well packed.,2026-07-01
D135,Nimbus ANC Headphones,4,Pairs instantly with my phone and laptop. Delivery was quick and the box was well packed.,2026-07-04
D136,Nimbus ANC Headphones,4,The ear cushions are soft and light on the head. Worth every rupee at the sale price.,2026-07-05
D137,PulseFit Smartwatch,2,Excellent value compared to bigger brands. Battery lasts five days on a single charge. But the band caused skin irritation.,2026-07-06
D138,Nimbus ANC Headphones,3,Ek mahine mein hi kharab ho gaya. But very comfortable even after four hours of use. Worth every rupee at the sale price.,2026-07-06
D139,Nimbus ANC Headphones,5,"Pairs instantly with my phone and laptop. Comfort bhi badhiya hai, ghanto tak pehen sakte ho. Worth every rupee at the sale price.",2026-07-07
D140,PulseFit Smartwatch,4,Good product.,2026-07-07
D141,Nimbus ANC Headphones,3,Bluetooth connection is rock solid across the room. Very comfortable even after four hours of use. But build feels cheap and creaky.,2026-07-09
D142,PulseFit Smartwatch,4,"Excellent value compared to bigger brands. However, strap material feels cheap and sweaty.",2026-07-09
D143,Nimbus ANC Headphones,5,"Battery lasts all day with ANC switched on. Comfort bhi badhiya hai, ghanto tak pehen sakte ho.",2026-07-10
D144,PulseFit Smartwatch,5,Step counting matches my phone almost exactly.,2026-07-12
D145,Nimbus ANC Headphones,4,Sound quality ekdum mast hai.,2026-07-12
D146,Nimbus ANC Headphones,4,The ear cushions are soft and light on the head. Pairs instantly with my phone and laptop.,2026-07-13
D147,Nimbus ANC Headphones,2,"Package arrived damaged and dented. However, very comfortable even after four hours of use.",2026-07-15
D148,PulseFit Smartwatch,4,"Delivery was delayed twice. However, the strap is soft and comfortable to sleep in. Step counting matches my phone almost exactly.",2026-07-16
D149,AeroBrew Coffee Maker,2,Good value for daily use. But very noisy while brewing.,2026-07-16
D150,Nimbus ANC Headphones,5,Worth every rupee at the sale price. Bluetooth connection is rock solid across the room.,2026-07-17
D151,Nimbus ANC Headphones,3,Great value for the price. Bluetooth connection is rock solid across the room. But ear cups get hot and uncomfortable after an hour.,2026-07-17
D152,Nimbus ANC Headphones,2,Customer support did not respond to my emails.,2026-07-18
D153,AeroBrew Coffee Maker,5,The warming plate keeps coffee hot for an hour. Looks great on the counter and is easy to clean.,2026-07-19
D154,AeroBrew Coffee Maker,2,Very noisy while brewing.,2026-07-19
D155,Nimbus ANC Headphones,3,Battery backup kaafi accha hai. Pairs instantly with my phone and laptop. But build feels cheap and creaky.,2026-07-20
D156,Nimbus ANC Headphones,4,Delivery was quick and the box was well packed. But bluetooth keeps disconnecting every few minutes.,2026-07-20
D157,PulseFit Smartwatch,1,Delivery was delayed twice.,2026-07-21
D158,PulseFit Smartwatch,4,Step counting matches my phone almost exactly. The strap is soft and comfortable to sleep in.,2026-07-22
D159,AeroBrew Coffee Maker,4,Customer service refused a return. But looks great on the counter and is easy to clean.,2026-07-22
D160,PulseFit Smartwatch,3,"Battery barely lasts a day with GPS on. However, watch ka display bahut bright aur clear hai. The strap is soft and comfortable to sleep in.",2026-07-22
D161,AeroBrew Coffee Maker,4,"Nice, happy with it.",2026-07-23
D162,AeroBrew Coffee Maker,5,Looks great on the counter and is easy to clean. Coffee ka taste ekdum cafe jaisa hai. Good value for daily use.,2026-07-24
D163,Nimbus ANC Headphones,2,Clamping force is too tight for long sessions. Delivery late thi.,2026-07-24
D164,Nimbus ANC Headphones,1,Package arrived damaged and dented. Overpriced for what you get.,2026-07-24
D165,Nimbus ANC Headphones,2,Clamping force is too tight for long sessions. But delivery was quick and the box was well packed.,2026-07-25
D166,Nimbus ANC Headphones,5,Great value for the price. Battery backup kaafi accha hai.,2026-07-25
D167,PulseFit Smartwatch,1,Delivery was delayed twice. Stopped charging after two months. GPS takes forever to lock and loses track on runs.,2026-07-25
D168,PulseFit Smartwatch,3,"Battery barely lasts a day with GPS on. However, the strap is soft and comfortable to sleep in.",2026-07-26
D169,PulseFit Smartwatch,5,Excellent value compared to bigger brands.,2026-07-26
D170,Nimbus ANC Headphones,4,Bluetooth connection is rock solid across the room. But बैटरी बहुत जल्दी खत्म हो जाती है।,2026-07-27
D171,Nimbus ANC Headphones,4,Pairs instantly with my phone and laptop. Very comfortable even after four hours of use.,2026-07-27
D172,Nimbus ANC Headphones,3,"Very comfortable even after four hours of use. However, overpriced for what you get.",2026-07-29
D173,Nimbus ANC Headphones,5,"Sound quality is excellent with deep, clean bass.",2026-07-31
D174,AeroBrew Coffee Maker,4,Shipping was fast and the packaging was sturdy. Good value for daily use. The warming plate keeps coffee hot for an hour.,2026-08-01
D175,PulseFit Smartwatch,2,"Charges fully in under an hour. However, the band caused skin irritation.",2026-08-02
D176,Nimbus ANC Headphones,4,"Package arrived damaged and dented. However, vocals are crisp and the soundstage feels wide. But customer care ne koi jawab nahi diya.",2026-08-03
D177,Nimbus ANC Headphones,5,Noise cancellation blocks out the metro noise completely. Battery backup kaafi accha hai.,2026-08-03
D178,PulseFit Smartwatch,5,The strap is soft and comfortable to sleep in. Sleep tracking is surprisingly accurate.,2026-08-03
D179,Nimbus ANC Headphones,1,Clamping force is too tight for long sessions. Package arrived damaged and dented.,2026-08-06
D180,Nimbus ANC Headphones,5,The ear cushions are soft and light on the head.,2026-08-06
D181,Nimbus ANC Headphones,3,Customer support did not respond to my emails. But battery easily lasts the whole week of commuting.,2026-08-06
D182,PulseFit Smartwatch,5,Charges fully in under an hour.,2026-08-07
D183,Nimbus ANC Headphones,1,The headband cracked near the hinge.,2026-08-08
D184,Nimbus ANC Headphones,5,Battery lasts all day with ANC switched on. Great value for the price.,2026-08-08
D185,Nimbus ANC Headphones,5,Delivery was quick and the box was well packed. The ear cushions are soft and light on the head. Bluetooth connection is rock solid across the room.,2026-08-09
D186,Nimbus ANC Headphones,1,Ear cups get hot and uncomfortable after an hour. Battery bahut jaldi khatam ho jati hai.,2026-08-09
D187,PulseFit Smartwatch,4,"Heart rate readings look reliable during runs. However, delivery was delayed twice.",2026-08-10
D188,Nimbus ANC Headphones,3,"Great value for the price. However, delivery late thi.",2026-08-10
D189,PulseFit Smartwatch,3,"The strap is soft and comfortable to sleep in. Notifications are clear and the app is simple to use. However, battery barely lasts a day with GPS on.",2026-08-11
D190,AeroBrew Coffee Maker,5,Coffee ka taste ekdum cafe jaisa hai. Good value for daily use.,2026-08-13
D191,Nimbus ANC Headphones,4,"Worth every rupee at the sale price. However, ear cups get hot and uncomfortable after an hour.",2026-08-14
D192,Nimbus ANC Headphones,2,"Package arrived damaged and dented. However, great value for the price.",2026-08-14
D193,PulseFit Smartwatch,5,"Best smartwatch ever!!! Must buy, highly recommended!!!",2026-08-14
D194,PulseFit Smartwatch,5,Best smartwatch ever!! Must buy. Highly recommended!!!,2026-08-14
D195,PulseFit Smartwatch,5,BEST SMARTWATCH EVER!!! MUST BUY!!! HIGHLY RECOMMENDED!!!,2026-08-14
D196,PulseFit Smartwatch,5,"Best smart watch ever!!! Must buy, highly recommended!!",2026-08-14
D197,PulseFit Smartwatch,5,"Best smartwatch ever, must buy!!! Highly recommended!!!",2026-08-14
D198,PulseFit Smartwatch,5,Amazing!!! Best smartwatch ever!!! Must buy!!!,2026-08-14
D199,Nimbus ANC Headphones,2,"The ear cushions are soft and light on the head. However, left ear stopped working after three weeks. However, delivery was quick and the box was well packed.",2026-08-17
D200,PulseFit Smartwatch,2,Heart rate readings look reliable during runs. But strap material feels cheap and sweaty.,2026-08-18
D201,PulseFit Smartwatch,5,Sleep tracking is surprisingly accurate.,2026-08-18
D202,Nimbus ANC Headphones,4,"Pairs instantly with my phone and laptop. However, ear cups get hot and uncomfortable after an hour. But great value for the price.",2026-08-18
D203,PulseFit Smartwatch,3,Battery lasts five days on a single charge. But customer service took three weeks to reply.,2026-08-21
D204,Nimbus ANC Headphones,2,बैटरी बहुत जल्दी खत्म हो जाती है। Customer support did not respond to my emails. But great value for the price.,2026-08-22
D205,PulseFit Smartwatch,2,"Delivery was delayed twice. However, battery lasts five days on a single charge.",2026-08-22
D206,PulseFit Smartwatch,2,GPS takes forever to lock and loses track on runs. But the strap is soft and comfortable to sleep in.,2026-08-23
D207,Nimbus ANC Headphones,4,Worth every rupee at the sale price. But customer support did not respond to my emails. Delivery was late by a week.,2026-08-23
D208,AeroBrew Coffee Maker,2,"Water tank is too small, I refill constantly. Customer service refused a return.",2026-08-24
D209,Nimbus ANC Headphones,3,Great value for the price. But ear cups get hot and uncomfortable after an hour.,2026-08-24
D210,Nimbus ANC Headphones,3,Overpriced for what you get. But noise cancellation blocks out the metro noise completely.,2026-08-25
D211,Nimbus ANC Headphones,5,"Delivery was quick and the box was well packed. Sound quality is excellent with deep, clean bass. Bluetooth connection is rock solid across the room.",2026-08-25
D212,PulseFit Smartwatch,1,Stopped charging after two months.,2026-08-25
D213,Nimbus ANC Headphones,5,Noise cancellation blocks out the metro noise completely. Very comfortable even after four hours of use. Delivery was quick and the box was well packed.,2026-08-26
D214,Nimbus ANC Headphones,5,ANC works brilliantly on long flights. Pairs instantly with my phone and laptop.,2026-08-27
D215,Nimbus ANC Headphones,1,Delivery was late by a week.,2026-08-27
D216,Nimbus ANC Headphones,4,Very comfortable even after four hours of use. But bluetooth baar baar disconnect ho jata hai.,2026-08-28
D217,Nimbus ANC Headphones,4,"Overpriced for what you get. Customer care ne koi jawab nahi diya. But bass bahut accha hai, gaane sunne mein maza aata hai.",2026-08-28
D218,Nimbus ANC Headphones,5,Sound quality ekdum mast hai. Bluetooth connection is rock solid across the room.,2026-08-29
D219,Nimbus ANC Headphones,4,Pairs instantly with my phone and laptop. Great value for the price.,2026-08-30
D220,PulseFit Smartwatch,3,"The app keeps crashing after sync. However, excellent value compared to bigger brands. The strap is soft and comfortable to sleep in.",2026-08-31
D221,Nimbus ANC Headphones,3,"Comfort bhi badhiya hai, ghanto tak pehen sakte ho. But the left earcup randomly loses connection.",2026-09-01
D222,PulseFit Smartwatch,2,Battery barely lasts a day with GPS on. Heart rate readings jump around randomly.,2026-09-01
D223,Nimbus ANC Headphones,3,"Ek mahine mein hi kharab ho gaya. The connection drops when I move away from the phone. However, battery backup kaafi accha hai.",2026-09-02
D224,Nimbus ANC Headphones,3,Pairing fails again and again after the latest update. Customer care ne koi jawab nahi diya. But very comfortable even after four hours of use.,2026-09-03
D225,PulseFit Smartwatch,2,"Notifications are clear and the app is simple to use. However, delivery was delayed twice. But excellent value compared to bigger brands.",2026-09-03
D226,AeroBrew Coffee Maker,2,Customer service refused a return. Machine stopped working after a month. But shipping was fast and the packaging was sturdy.,2026-09-04
D227,PulseFit Smartwatch,2,"Customer service took three weeks to reply. Battery barely lasts a day with GPS on. However, the strap is soft and comfortable to sleep in.",2026-09-04
D228,Nimbus ANC Headphones,1,Connection itna weak hai ki dusre kamre mein jaate hi cut ho jata hai.,2026-09-05
D229,Nimbus ANC Headphones,5,"Bass bahut accha hai, gaane sunne mein maza aata hai.",2026-09-05
D230,PulseFit Smartwatch,5,Charges fully in under an hour. The strap is soft and comfortable to sleep in. Heart rate readings look reliable during runs.,2026-09-06
D231,Nimbus ANC Headphones,4,"Delivery late thi. But sound quality is excellent with deep, clean bass.",2026-09-06
D232,AeroBrew Coffee Maker,2,"Machine stopped working after a month. However, coffee ka taste ekdum cafe jaisa hai.",2026-09-07
D233,AeroBrew Coffee Maker,2,Arrived late and the box was crushed.,2026-09-07
D234,PulseFit Smartwatch,3,"Strap material feels cheap and sweaty. However, notifications are clear and the app is simple to use.",2026-09-08
D235,PulseFit Smartwatch,2,Heart rate readings jump around randomly.,2026-09-08
D236,PulseFit Smartwatch,4,Step counting matches my phone almost exactly. Charges fully in under an hour. The strap is soft and comfortable to sleep in.,2026-09-08
D237,Nimbus ANC Headphones,3,Very comfortable even after four hours of use. But connection itna weak hai ki dusre kamre mein jaate hi cut ho jata hai.,2026-09-08
D238,PulseFit Smartwatch,4,Charges fully in under an hour. Step counting matches my phone almost exactly.,2026-09-09
D239,AeroBrew Coffee Maker,1,Machine stopped working after a month. Customer service refused a return.,2026-09-09
D240,Nimbus ANC Headphones,5,Delivery was quick and the box was well packed. Battery easily lasts the whole week of commuting.,2026-09-09
D241,Nimbus ANC Headphones,1,Battery drains within five hours. Left ear stopped working after three weeks.,2026-09-10
D242,PulseFit Smartwatch,1,GPS takes forever to lock and loses track on runs.,2026-09-10
D243,Nimbus ANC Headphones,5,ANC works brilliantly on long flights. Bluetooth connection is rock solid across the room.,2026-09-10
D244,Nimbus ANC Headphones,4,"Bluetooth keeps disconnecting every few minutes. Build feels cheap and creaky. However, delivery was quick and the box was well packed.",2026-09-11
D245,Nimbus ANC Headphones,3,"Customer support did not respond to my emails. However, battery backup kaafi accha hai.",2026-09-11
D246,Nimbus ANC Headphones,2,Clamping force is too tight for long sessions. Overpriced for what you get.,2026-09-11
D247,PulseFit Smartwatch,1,The app keeps crashing after sync. Delivery was delayed twice.,2026-09-11
D248,Nimbus ANC Headphones,1,Ear cups get hot and uncomfortable after an hour. Pairing fails again and again after the latest update.,2026-09-12
D249,Nimbus ANC Headphones,4,Battery backup kaafi accha hai. But bluetooth baar baar disconnect ho jata hai.,2026-09-12
D250,AeroBrew Coffee Maker,4,The warming plate keeps coffee hot for an hour.,2026-09-12
D251,Nimbus ANC Headphones,1,Bluetooth baar baar disconnect ho jata hai. Customer support did not respond to my emails.,2026-09-13
D252,AeroBrew Coffee Maker,3,The warming plate keeps coffee hot for an hour. But customer service refused a return.,2026-09-13
D253,PulseFit Smartwatch,3,"Watch ka display bahut bright aur clear hai. However, delivery was delayed twice.",2026-09-14
D254,Nimbus ANC Headphones,3,Battery easily lasts the whole week of commuting. But build feels cheap and creaky. But bluetooth connection is rock solid across the room.,2026-09-14
D255,Nimbus ANC Headphones,2,"Pairs instantly with my phone and laptop. However, clamping force is too tight for long sessions.",2026-09-14
D256,PulseFit Smartwatch,5,Excellent value compared to bigger brands. Battery lasts five days on a single charge. Step counting matches my phone almost exactly.,2026-09-14
D257,Nimbus ANC Headphones,2,"Delivery late thi. However, comfort bhi badhiya hai, ghanto tak pehen sakte ho.",2026-09-15
D258,Nimbus ANC Headphones,4,"Pairs instantly with my phone and laptop. However, customer care ne koi jawab nahi diya. Ek mahine mein hi kharab ho gaya.",2026-09-16
D259,AeroBrew Coffee Maker,3,"Water tank is too small, I refill constantly. But shipping was fast and the packaging was sturdy.",2026-09-16
D260,Nimbus ANC Headphones,1,बैटरी बहुत जल्दी खत्म हो जाती है।,2026-09-16
D261,Nimbus ANC Headphones,2,Ear cups get hot and uncomfortable after an hour. Overpriced for what you get.,2026-09-17
D262,PulseFit Smartwatch,5,Notifications are clear and the app is simple to use. Excellent value compared to bigger brands. The strap is soft and comfortable to sleep in.,2026-09-17
D263,Nimbus ANC Headphones,4,"The headband cracked near the hinge. But worth every rupee at the sale price. Comfort bhi badhiya hai, ghanto tak pehen sakte ho.",2026-09-18
D264,Nimbus ANC Headphones,1,Bluetooth baar baar disconnect ho jata hai.,2026-09-19
D265,Nimbus ANC Headphones,5,Very comfortable even after four hours of use.,2026-09-19
D266,AeroBrew Coffee Maker,1,Machine stopped working after a month.,2026-09-19
D267,PulseFit Smartwatch,3,The strap is soft and comfortable to sleep in. But customer service took three weeks to reply.,2026-09-19
D268,PulseFit Smartwatch,3,"Customer service took three weeks to reply. However, charges fully in under an hour.",2026-09-20
D269,PulseFit Smartwatch,1,The band caused skin irritation. Battery barely lasts a day with GPS on.,2026-09-21
D270,PulseFit Smartwatch,4,"Customer service took three weeks to reply. However, the strap is soft and comfortable to sleep in. Battery lasts five days on a single charge.",2026-09-21
D271,Nimbus ANC Headphones,1,Delivery late thi. My replacement request was refused without any reason.,2026-09-21
D272,Nimbus ANC Headphones,2,Battery bahut jaldi khatam ho jati hai. The left earcup randomly loses connection.,2026-09-22
D273,AeroBrew Coffee Maker,1,Customer service refused a return. The lid leaks when pouring.,2026-09-22
D274,Nimbus ANC Headphones,1,Battery drains within five hours. Overpriced for what you get.,2026-09-22
D275,PulseFit Smartwatch,3,"Watch ka display bahut bright aur clear hai. Excellent value compared to bigger brands. However, the band caused skin irritation.",2026-09-23
D276,Nimbus ANC Headphones,2,Pairing fails again and again after the latest update.,2026-09-23
D277,Nimbus ANC Headphones,2,My replacement request was refused without any reason. बैटरी बहुत जल्दी खत्म हो जाती है। The left earcup randomly loses connection.,2026-09-24
D278,Nimbus ANC Headphones,4,"Pairs instantly with my phone and laptop. However, overpriced for what you get.",2026-09-24
D279,Nimbus ANC Headphones,2,"Pairs instantly with my phone and laptop. However, the headband cracked near the hinge.",2026-09-24
D280,Nimbus ANC Headphones,3,"Sound quality is excellent with deep, clean bass. However, clamping force is too tight for long sessions.",2026-09-25
D281,Nimbus ANC Headphones,1,"Audio cuts out during calls, very frustrating.",2026-09-25
D282,AeroBrew Coffee Maker,3,"Customer service refused a return. However, coffee ka taste ekdum cafe jaisa hai.",2026-09-25
D283,Nimbus ANC Headphones,4,"Sound quality is excellent with deep, clean bass. Pairs instantly with my phone and laptop.",2026-09-26
D284,Nimbus ANC Headphones,1,Connection itna weak hai ki dusre kamre mein jaate hi cut ho jata hai. Overpriced for what you get.,2026-09-26
D285,AeroBrew Coffee Maker,3,Customer service refused a return. But good value for daily use. Looks great on the counter and is easy to clean.,2026-09-27
D286,Nimbus ANC Headphones,3,Battery easily lasts the whole week of commuting. But bluetooth baar baar disconnect ho jata hai.,2026-09-27
D287,Nimbus ANC Headphones,3,"Noise cancellation blocks out the metro noise completely. However, bluetooth baar baar disconnect ho jata hai.",2026-09-28
D288,PulseFit Smartwatch,2,The strap is soft and comfortable to sleep in. Sleep tracking is surprisingly accurate. But stopped charging after two months.,2026-09-28
D289,Nimbus ANC Headphones,2,Pairing fails again and again after the latest update. Overpriced for what you get.,2026-09-28
D290,Nimbus ANC Headphones,3,"आवाज़ की गुणवत्ता बहुत अच्छी है। However, the left earcup randomly loses connection.",2026-09-28
D291,PulseFit Smartwatch,1,GPS takes forever to lock and loses track on runs. Customer service took three weeks to reply.,2026-09-29
D292,Nimbus ANC Headphones,3,"The connection drops when I move away from the phone. However, the ear cushions are soft and light on the head. आवाज़ की गुणवत्ता बहुत अच्छी है।",2026-09-29
D293,Nimbus ANC Headphones,2,"The headband cracked near the hinge. Clamping force is too tight for long sessions. But bass bahut accha hai, gaane sunne mein maza aata hai.",2026-09-30
D294,Nimbus ANC Headphones,2,"Very comfortable even after four hours of use. However, bluetooth keeps disconnecting every few minutes.",2026-09-30
D295,Nimbus ANC Headphones,2,Build feels cheap and creaky. But the ear cushions are soft and light on the head.,2026-09-30
